Project name,Blocked By,Completion,Dates,Is Blocking,Launch date,Owner,Priority,Status,Summary,Tag,Tasks,Teams
Phase I: Discovery and Ideation,,0,,,,,,Planning,No content,,"Define Research Goals and Hypotheses (https://www.notion.so/a72093393e7949ac87b809a4783f2c75?pvs=21), Analyze and Synthesize Research Findings (https://www.notion.so/9401b681dde7437f9627a1e4d48d4d77?pvs=21), Conduct Primary Market Research (https://www.notion.so/102fa4b7e6dd80dbad8ac5d78b81fad8?pvs=21), Perform Competitor Analysis (https://www.notion.so/102fa4b7e6dd80ff98c9f77c5b295902?pvs=21), Conduct Secondary Market Research (https://www.notion.so/102fa4b7e6dd8053acdfe802cbd906c8?pvs=21), Define Unique Value Propositions (UVP) for Each User Segment (https://www.notion.so/102fa4b7e6dd8009ad16ec33426c1928?pvs=21), Develop a Business Model Canvas (https://www.notion.so/102fa4b7e6dd80ef937cee18368b6515?pvs=21), Conduct Competitive Pricing Analysis (https://www.notion.so/102fa4b7e6dd803da358d097430f9c98?pvs=21), Define Contract and Engagement Models (https://www.notion.so/102fa4b7e6dd80fdbb8ac07c0550ef95?pvs=21), Develop Detailed User Personas (https://www.notion.so/102fa4b7e6dd80e3b7e3ce6fc3fa7a58?pvs=21), Conduct User Journey Mapping Workshops (https://www.notion.so/102fa4b7e6dd80bfb375f58959adfc67?pvs=21), Develop User Journey Artifacts (https://www.notion.so/102fa4b7e6dd8005b1caf179e74ae590?pvs=21), Develop Brand Vision, Mission, and Core Values (https://www.notion.so/102fa4b7e6dd80c8b067d99de288ee79?pvs=21), Create Brand Messaging Framework (https://www.notion.so/102fa4b7e6dd8039aa4ecb00ecf85a8e?pvs=21), Design Visual Identity (https://www.notion.so/102fa4b7e6dd800e9275f4c33c4c2be6?pvs=21), Develop Brand Assets and Collateral (https://www.notion.so/68bc745017744fdea05a07f0e330e747?pvs=21), Positioning Statement and Brand Strategy (https://www.notion.so/4374a5c5e77b4c0fa8484c68500c91b2?pvs=21)",
Phase II: Product Strategy and Design,,0,,,,,,Planning,No content,,"PRD Outline and Workshop (https://www.notion.so/102fa4b7e6dd809aa69fcbef16b4ba4d?pvs=21), Develop User Stories and Acceptance Criteria (https://www.notion.so/102fa4b7e6dd80b38233caa3f76b2c7e?pvs=21), Define Non-Functional Requirements (https://www.notion.so/102fa4b7e6dd8090a50de3c4e063b62f?pvs=21), Develop Risk Management Plan (https://www.notion.so/102fa4b7e6dd80df86c2c846985e782d?pvs=21), Finalize and Review PRD (https://www.notion.so/102fa4b7e6dd801f9bd8f46860d59c20?pvs=21), Design Sprint and Wireframing (https://www.notion.so/102fa4b7e6dd8023ac90db880917d661?pvs=21), High-Fidelity Mockups and Design System Development (https://www.notion.so/102fa4b7e6dd80d18f10cd5752658742?pvs=21), Interactive Prototyping and Usability Testing (https://www.notion.so/029f51571f5e493a8bd6728e1b36a2ca?pvs=21), Design Documentation and Handoff (https://www.notion.so/102fa4b7e6dd80a6a67eeaeaafdbc53d?pvs=21), Technical Stack Confirmation and Architecture Planning (https://www.notion.so/102fa4b7e6dd805594e9f3c69444a92f?pvs=21), Database Schema Design and API Planning (https://www.notion.so/102fa4b7e6dd805c927dddc955f64d5f?pvs=21), Security and Compliance Architecture Design (https://www.notion.so/102fa4b7e6dd80f48f5ec966ce871815?pvs=21), DevOps and Infrastructure Setup (https://www.notion.so/f758dbe4348c460392ffe4dc20c41034?pvs=21), Technical Debt and Refactoring Plan (https://www.notion.so/102fa4b7e6dd80de8e7ffa5f28c80425?pvs=21), Sprint Planning and Backlog Grooming (https://www.notion.so/3f4e12f10cc84c468941daa2d9295588?pvs=21), Agile Team Setup and Training (https://www.notion.so/102fa4b7e6dd8011b34be32142b83baf?pvs=21), Set Up Agile Ceremonies and Reporting (https://www.notion.so/102fa4b7e6dd80da997ef046cfe1eb4a?pvs=21), Establish Continuous Integration and Continuous Deployment (CI/CD) Pipeline (https://www.notion.so/102fa4b7e6dd809badcbdff2858c5145?pvs=21), Define Metrics and KPIs for Agile Performance (https://www.notion.so/102fa4b7e6dd804587fce0257008b7cf?pvs=21), Develop Prototypes for Key Features and Flows (https://www.notion.so/102fa4b7e6dd80e3a9afcff674b3cb3f?pvs=21), Conduct User Testing Sessions (https://www.notion.so/102fa4b7e6dd806d9be4e83a82ec8eef?pvs=21), Synthesize Feedback and Iterate on Designs (https://www.notion.so/102fa4b7e6dd80a9a5b0e8546f954818?pvs=21), Establish Ongoing Feedback Mechanisms (https://www.notion.so/102fa4b7e6dd8021b299e360035b0c5f?pvs=21), Develop GTM Strategy Document (https://www.notion.so/102fa4b7e6dd803085ccc82ba05346ea?pvs=21), Develop Pre-Launch Marketing Content (https://www.notion.so/102fa4b7e6dd8052a2f7cca1452d675d?pvs=21), Coordinate Product and Marketing Alignment Workshops (https://www.notion.so/102fa4b7e6dd8007bd12f026ba38e788?pvs=21), Conduct a Final Design and Product Review (https://www.notion.so/102fa4b7e6dd8010a91dc5cafc71d74b?pvs=21), Technical Feasibility Assessment and Adjustment (https://www.notion.so/102fa4b7e6dd801c8679eaf4af7b4f37?pvs=21), Prepare Development Environment and Repositories (https://www.notion.so/102fa4b7e6dd80009e4ed4ce93d78fcd?pvs=21), Align on Initial Sprints and Milestones for Phase 3 (https://www.notion.so/102fa4b7e6dd80d198e5c71b9ef297f5?pvs=21), Stakeholder Alignment and Phase 3 Kickoff Preparation (https://www.notion.so/102fa4b7e6dd803cad4cd7115a036c0e?pvs=21)",
Phase III: Core Platform Development,,0,,,,,,Planning,No content,,"Data Preparation and Collection (https://www.notion.so/102fa4b7e6dd80f8bc1ae2ccf2b87631?pvs=21), Develop Initial Matching Algorithm (https://www.notion.so/102fa4b7e6dd80dfbc12e1ebffb373c9?pvs=21), Integrate Machine Learning Models for Advanced Matching (https://www.notion.so/102fa4b7e6dd8084b40ffc2c87b45f68?pvs=21), Model Validation and Iteration (https://www.notion.so/102fa4b7e6dd80fe97dcdeaf47deeb49?pvs=21), Deploy and Monitor Matching Algorithm (https://www.notion.so/97352df97eb34d80b724028ac4bd1478?pvs=21), Develop Onboarding Flow for Startups (https://www.notion.so/102fa4b7e6dd8074984fdaab94de5ef2?pvs=21), Develop Onboarding Flow for CXOs (https://www.notion.so/102fa4b7e6dd80fb8882cb8ca6209979?pvs=21), Build Profile Management Dashboard (https://www.notion.so/102fa4b7e6dd808ca1a7f9655d72ac6e?pvs=21), Testing and Optimization of Onboarding and Profile Flows (https://www.notion.so/9e6a14527bd645f3a8e5b64e7d310ede?pvs=21), Integration and Deployment of Onboarding Components (https://www.notion.so/102fa4b7e6dd80f3bb8ad2dfb10b14f5?pvs=21), Develop Project Posting and Proposal Management Features (https://www.notion.so/102fa4b7e6dd80a4889bfdcd34f17193?pvs=21), Develop Real-Time Communication Suite (https://www.notion.so/3ee0a9b5aeb84affac565e64a6f2391b?pvs=21), Implement Project Management and Collaboration Tools (https://www.notion.so/102fa4b7e6dd806caccec4ed61573a00?pvs=21), Testing, Integration, and Deployment of Collaboration Tools (https://www.notion.so/102fa4b7e6dd8079a949ec438409e511?pvs=21), Design and Build Analytics Dashboards (https://www.notion.so/102fa4b7e6dd802eaa68f9d2cb481d77?pvs=21), Develop Data Analytics and Reporting Engine (https://www.notion.so/f46903395d1e474984e3d86613926ec2?pvs=21), Implement Performance Tracking and Feedback Mechanisms (https://www.notion.so/159254e23b184c2f87d5124558ef59fc?pvs=21), Testing, Optimization, and Deployment of Dashboards (https://www.notion.so/102fa4b7e6dd80208881c954cdd8bc1c?pvs=21), Implement Comprehensive Testing Strategies (https://www.notion.so/102fa4b7e6dd80b88570d73bed89e603?pvs=21), Perform Security Audits and Vulnerability Assessments (https://www.notion.so/3bc06cf7b9d44856a30b135066da69e1?pvs=21), Performance Optimization and Load Testing (https://www.notion.so/102fa4b7e6dd808faacbc295cdaf221e?pvs=21), Set Up Monitoring, Logging, and Incident Management (https://www.notion.so/102fa4b7e6dd80959f6ae2ddeeb14ec4?pvs=21), Ensure Compliance and Data Privacy Readiness (https://www.notion.so/102fa4b7e6dd80b5b690c8f9806e8d9d?pvs=21), Recruit Beta Testers and Prepare Testing Environment (https://www.notion.so/102fa4b7e6dd8040a752eb78a5a32f52?pvs=21), Conduct Structured Beta Testing Sessions (https://www.notion.so/102fa4b7e6dd80929079f82e11919ec9?pvs=21), Analyze Feedback and Prioritize Improvements (https://www.notion.so/c913d9cb1686437389f3ad2821fbad04?pvs=21), Implement and Validate Iterations (https://www.notion.so/102fa4b7e6dd80a4adcddb81369afc81?pvs=21),  Conduct Final Platform Review and Go/No-Go Decision (https://www.notion.so/102fa4b7e6dd80c387aef21864ef02c1?pvs=21), Finalize Go-To-Market (GTM) Launch Plan (https://www.notion.so/5f912e18016b4de6a38bfa73b0a94261?pvs=21), Prepare Internal Teams for Launch Support (https://www.notion.so/102fa4b7e6dd8089bc00fcfa8ee9dfb9?pvs=21), Set Up Post-Launch Monitoring and Support (https://www.notion.so/102fa4b7e6dd80a3a5dde91023d041f7?pvs=21), Execute MVP Launch and Begin Post-Launch Optimization (https://www.notion.so/59d17877c810465b9b1b1d68319ca022?pvs=21)",
Phase IV: Marketing and Go-To-Market (GTM) Strategy,,0,,,,,,Planning,No content,,"Define GTM Objectives and Key Results (OKRs) (https://www.notion.so/a97e72c883974daf955584f2a3ca7049?pvs=21), Segment Target Audience and Develop Buyer Personas (https://www.notion.so/fe81280b1c254e8689603b217cf3f95f?pvs=21), Develop Positioning Statements and Messaging Framework (https://www.notion.so/102fa4b7e6dd80ec86dbcca1e8a6c759?pvs=21), Develop Content Marketing and Lead Generation Strategy (https://www.notion.so/102fa4b7e6dd80b3ad8adc1c644b0ccd?pvs=21), Sales Enablement and Partnership Strategy (https://www.notion.so/102fa4b7e6dd80bd8346edcc5494256c?pvs=21), Develop Pre-Launch Landing Pages and Sign-Up Forms (https://www.notion.so/102fa4b7e6dd80a08036cacb386fef0e?pvs=21), Plan and Execute Teaser Campaigns (https://www.notion.so/102fa4b7e6dd80daaa72e87001e4e5a2?pvs=21), Create Pre-Launch Buzz Through PR and Influencer Outreach (https://www.notion.so/73694753ce08497eb4d613c05c0dd526?pvs=21), Develop Email Drip Campaigns for Early Adopters (https://www.notion.so/102fa4b7e6dd80cd94bfc724950dca65?pvs=21), Launch Early Access Programs and Exclusive Offers (https://www.notion.so/57bd5066584f417495ae07843c2de4d4?pvs=21), Build and Train the Sales Team (https://www.notion.so/102fa4b7e6dd804a8313f95a9b13720a?pvs=21), Develop Strategic Partnership Outreach Plans (https://www.notion.so/102fa4b7e6dd800b8e63cbc048c60e95?pvs=21), Create Sales Playbooks and Scripts (https://www.notion.so/102fa4b7e6dd80bcb5bbc4c6118b0b7d?pvs=21), Implement Lead Scoring and Qualification Processes (https://www.notion.so/102fa4b7e6dd80d48d3af29ff9259caf?pvs=21), Plan the Launch Event Format and Agenda (https://www.notion.so/102fa4b7e6dd80b487a7d7410cac6ca4?pvs=21), Promote the Launch Event (https://www.notion.so/102fa4b7e6dd80d0878fd7a4eae30ec9?pvs=21), Execute the Launch Event (https://www.notion.so/88cc13ed8bb74e568d2efbad557d26dc?pvs=21), Engage and Interact with Attendees (https://www.notion.so/d2807fd139b84ed1b29e18b5f1fe6bd3?pvs=21), Post-Event Follow-Up and Analysis (https://www.notion.so/102fa4b7e6dd80b0b29dc8cf1d6339c5?pvs=21), Develop and Launch Retargeting Campaigns (https://www.notion.so/102fa4b7e6dd80df8b12fdc502f41d00?pvs=21), Execute Drip Campaigns for Lead Nurturing (https://www.notion.so/102fa4b7e6dd8098a80de47478a37677?pvs=21), Launch Product-Led Growth (PLG) Initiatives (https://www.notion.so/bfd2fdbf73bb487e8b305a15a6a91838?pvs=21), Develop Case Studies and User Testimonials (https://www.notion.so/102fa4b7e6dd803ca823e891acc339da?pvs=21), Continuously Optimize Marketing and Sales Tactics (https://www.notion.so/a3bfefa9c848462181631a1e8659e3de?pvs=21)",
Phase V: Post-Launch Optimization and User Engagement,,0,,,,,,Planning,No content,,"Set Up Continuous Feedback Collection Mechanism (https://www.notion.so/102fa4b7e6dd802fa952fdeadfa2de88?pvs=21), Prioritize Feature Enhancements and Bug Fixes (https://www.notion.so/102fa4b7e6dd809f87b7c50b5b54ad42?pvs=21), Develop Rapid Iteration Sprints (https://www.notion.so/5466221108ea4f69b35c935078fd5188?pvs=21), Communicate Changes and Updates to Users (https://www.notion.so/102fa4b7e6dd801995a4e987d41736e7?pvs=21), Refine the Onboarding Process (https://www.notion.so/102fa4b7e6dd8069b9adfe5ad7fea49d?pvs=21), Develop Personalized Onboarding Experiences (https://www.notion.so/c177edb53a204660b060a2f4c3901e34?pvs=21), Introduce Interactive Tutorials and In-App Guides (https://www.notion.so/102fa4b7e6dd807abc21f442d21c8a60?pvs=21), Optimize Engagement Flows for Retention (https://www.notion.so/566d0c20b819469788422a4bcf366751?pvs=21), Launch Gamification Elements (https://www.notion.so/102fa4b7e6dd80d1bb26cf6e28bf5208?pvs=21), Develop Loyalty and Rewards Programs (https://www.notion.so/102fa4b7e6dd809baad5fcfa9f55dfbf?pvs=21), Set Up Automated Re-Engagement Campaigns (https://www.notion.so/102fa4b7e6dd80e293ebddc2e4e3cd8a?pvs=21), Introduce Advanced Engagement Features (https://www.notion.so/102fa4b7e6dd8070ba29c521aad7cd27?pvs=21), Conduct Regular Performance Audits (https://www.notion.so/102fa4b7e6dd80e08a78e0acbc09e1a9?pvs=21), Implement Real-Time Monitoring and Alerts (https://www.notion.so/102fa4b7e6dd8067b83bd6c23dec3d90?pvs=21), Continuously Test and Refine Platform Scalability (https://www.notion.so/102fa4b7e6dd80d6b261d85fcef82a0b?pvs=21), Address Bug Fixes and Improve Code Quality (https://www.notion.so/9f77152bbfe8413186074872684e16ce?pvs=21), Scale Customer Support Team and Resources (https://www.notion.so/102fa4b7e6dd80fb907cca0a1a2a3b64?pvs=21), Develop Proactive Customer Success Programs (https://www.notion.so/a409e8fb84254e92bc91cb015b1ee1a8?pvs=21), Develop Self-Service Support Tools and Resources (https://www.notion.so/102fa4b7e6dd8043aa73e3c5bc1439ea?pvs=21), Optimize Support Processes and Tools (https://www.notion.so/102fa4b7e6dd80869159df7a3ea762d8?pvs=21), Measure and Improve Customer Support KPIs (https://www.notion.so/102fa4b7e6dd80c6b2d2cf90287cd0e8?pvs=21), Develop Customer Feedback and Advocacy Programs (https://www.notion.so/102fa4b7e6dd80109f34d545ca3f6333?pvs=21)",
Advanced Product Development & Innovation,,,,,,,,Backlog,No content,,,
Cool Customer Experience & User Retention,,,,,,,,Backlog,No content,,,
Community Building and Ecosystem Development,,,,,,,,Backlog,No content,,,
XTech and Strategic Innovation,,,,,,,,Backlog,No content,,,
Hyper Growth and Scaling,,,,,,,,Backlog,No content,,,
Getting Matured & Globalization,,,,,,,,Backlog,No content,,,
