Feature Name,Complexity,Demand,Depedencies,Efforts,Feature Description,Feature Status,Impact,MVP Status,Owner,Priority Level,Product Area,Related Documents,Users
Profile Customization,3,35,"Third-Party API Integrations: For auto-populating profile data (e.g., LinkedIn, AngelList).

Backend Infrastructure: For storing and managing rich profile data securely.

UI/UX Design: To create a seamless, engaging experience for users as they customize their profiles.",50,"A comprehensive profile customization feature that allows both startups and CXOs to create rich, detailed profiles that showcase their skills, experience, engagement preferences, and more. This feature enables users to differentiate themselves and increases the accuracy of AI-driven matches. Users can integrate with third-party platforms like LinkedIn to auto-populate data, and they can continuously update and optimize their profiles to attract better matches.",Not started,5,Included,Product Manager,Must-Have,User Profiles,"Profile Customization Specs: Detailed specifications for profile sections and data inputs.

API Documentation: Integration details for third-party services (LinkedIn, AngelList).","CXOs, Startup Founders"
AI-Driven Smart Matching Algorithm,3,25,"Data Model: User profile data is crucial for training and optimizing the matching algorithm.

ML Model: Initial model development and ongoing model training require a dedicated data science effort.

User Profiles: Rich, detailed user profiles with skills, preferences, and historical data are needed to feed the algorithm.",80,"The AI-Driven Smart Matching Algorithm is the core feature of Strategix that intelligently matches startups with the most suitable CXOs based on multiple dimensions. This feature leverages advanced machine learning models to assess not just the traditional parameters like skills and experience, but also considers cultural fit, growth stage alignment, industry trends, and historical engagement success rates. The algorithm continuously evolves with a feedback loop that refines future matches based on user feedback and engagement outcomes.",Not started,5,Included,AI ML Lead,Must-Have,Matching Engine,https://www.notion.so/9d5a6a8eaf914225a9ec6b426ba1653c?pvs=21,"CXOs, Startup Founders"
"User Onboarding ",2,30,"UI/UX Design: Needs engaging and intuitive design for the onboarding flow.

API Integration: For user registration and data handling.

Database Setup: To store onboarding progress and user data securely.",40,"A seamless, interactive onboarding experience designed to guide both startups and CXOs through their initial journey on Strategix. This feature ensures users understand the platform's value, complete necessary steps to get started, and are set up for success. The onboarding process will include a step-by-step guide, interactive tutorials, and progress tracking to minimize friction and maximize user engagement from the start.",Not started,4,Included,Product Manager,Must-Have,Onboarding & User Journey,"Onboarding Flow Wireframes

Tutorial Scripts and Walkthrough Guides","CXOs, Startup Founders"
In-Platform Messaging and Communication Tools,4,18,"Messaging API: Real-time communication infrastructure.

Notification System: Alerts users of new messages or calls.

Backend Infrastructure: Secure backend for handling communication data.",60,"A secure, integrated messaging and communication suite that allows startups and CXOs to interact directly within the platform. The feature includes real-time chat, voice, and video call capabilities, as well as file-sharing options. The goal is to centralize all communication to streamline collaboration, reduce friction, and maintain a professional environment. This feature is key to facilitating discussions, clarifying project details, and ensuring alignment before engagement.",Not started,4,Included,Dev Lead,Should-have,Communication,"Messaging API Documentation: Technical details for implementing real-time messaging.

UI/UX Mockups: Design mockups for chat, voice, and video call interfaces.","CXOs, Startup Founders"
Project Creation,2,20,"UI/UX Design: Engaging and intuitive forms for inputting project details.

Backend API: For storing and managing project data.

Database Setup: To securely store project information and allow for easy retrieval and editing.",30,"The Project Creation feature allows startups to define their project requirements, objectives, timelines, budgets, and other essential details. This feature will guide startup founders through a structured process to clearly articulate their needs, making it easier for potential CXOs to understand the scope and requirements. The goal is to ensure that projects are well-defined from the start, reducing miscommunication and setting clear expectations.",Not started,5,Included,Product Manager,Must-Have,Project Management,"Project Creation Wireframes: Visual representation of the project creation flow.

Form Validation Specs: Details on input validation rules to ensure data quality.",Startup Founders
Project Posting,3,15,"Backend API: For managing project visibility and filters.

Notification System: To alert relevant CXOs about new project postings.

Search and Filter Logic: To allow users to target specific types of CXOs.",25,"The Project Posting feature allows startups to publish their created projects on the Strategix platform, making them visible to potential CXOs who are looking for opportunities. This feature includes visibility settings, filters for targeting specific types of CXOs, and options for editing or pausing a project post. It ensures that startups can effectively broadcast their needs to the right audience.",Not started,4,Included,Product Manager,Must-Have,Project Management,"Project Posting Guidelines: Instructions for startups on how to optimize their project posts.

Filter and Search Logic Specs: Technical specifications for search and filtering functionality.",Startup Founders
Application & Proposal Management,4,25,"Backend API: For handling application submissions and proposal data.

Communication Tools: Integration with messaging and negotiation tools for better engagement.

Analytics: To provide insights into proposal performance and help startups make data-driven decisions.",45,"The Application & Proposal Management feature enables CXOs to browse posted projects and submit tailored proposals. Startups can then review these proposals, communicate with applicants, and make informed decisions about whom to engage. This feature supports structured proposal submissions, negotiation tools, and the ability to compare different proposals based on key metrics (e.g., budget, timeline, expertise).",Not started,5,Included,Product Manager,Must-Have,Project Management,"Proposal Submission Guidelines: Guidelines for CXOs on crafting effective proposals.

Application Management Specs: Technical specifications for handling application and proposal data.","CXOs, Startup Founders"
Dashboard and Performance Analytics,5,15,"Data Visualization Tools: Libraries like D3.js for rendering charts and graphs.

Backend APIs: For fetching and processing data.

UI/UX Design: For intuitive dashboard design and data representation.",100,"The Dashboard and Performance Analytics feature provides both startups and CXOs with an overview of their activities, engagement history, and key performance metrics. Startups can view the performance of engaged CXOs, track project milestones, and see engagement ROI. CXOs can analyze their proposal success rates, client feedback, and areas for improvement. The goal is to provide actionable insights that help users optimize their strategies and engagement effectiveness.",Not started,3,Future Phase,Data Scientist,Could-Have,User Dashboard,"Dashboard Wireframes: Visual layouts for the dashboard and analytics views.

Analytics Tools Documentation: Details on the use of data visualization libraries and backend setups.","CXOs, Startup Founders"
Learning and Development Hub,3,10,"Content Management System: For managing webinars, articles, and guides.

Video Hosting Tools: Integration with platforms like Zoom or Vimeo for hosting live sessions.

UI/UX Design: To create an engaging, easy-to-navigate learning interface.",80,"The Learning and Development Hub provides a centralized location for webinars, workshops, articles, and white papers that offer insights into leadership, scaling strategies, fundraising, and more. This feature aims to create a continuous learning environment for both startups and CXOs, encouraging growth and knowledge sharing. The Hub would also host live sessions with experts and allow users to earn certifications and badges.",Not started,3,Future Phase,Community Manager,Won't-Have,Community & Learning,"LMS System Docs: Documentation for setting up and managing the Learning Management System (LMS).

Content Plan: Strategy for content creation, scheduling, and curation.","CXOs, Startup Founders"
Smart Notifications and Alerts,2,22,"Notification System: Backend logic for managing notifications and alerts.

UI/UX Design: User-friendly design for displaying alerts and allowing users to customize notification settings.

Messaging API: Integration for delivering messages and alerts in real time.",35,"The Smart Notifications and Alerts feature keeps users updated on critical actions within the platform. These notifications can be tailored based on user preferences and activities, ensuring they are meaningful and relevant. Examples include new project postings, CXO applications, message alerts, project milestone reminders, and more. The goal is to keep users engaged without overwhelming them, providing timely and actionable insights.",Not started,4,Included,Product Manager,Should-have,User Engagement,"Notification Flowchart: Diagram outlining the triggers, actions, and delivery methods for various notifications.

UI/UX Mockups: Design mockups for notification settings and alerts interface.","CXOs, Startup Founders"
CXO Role Rotation and Dynamic Team Building,4,28,"Backend API: For managing role rotations, timelines, and engagement transitions.

User Interface for Team Management: UX/UI to support adding, removing, and rotating CXOs seamlessly.

Notification System: To inform both startups and CXOs of role changes and transitions.",70,"This feature allows startups to dynamically build their leadership teams by rotating CXOs in and out based on their evolving needs. Startups often face rapidly changing challenges as they grow, requiring different types of leadership expertise at different times. The CXO Role Rotation feature enables startups to set specific timeframes for fractional CXO roles (e.g., 3 months for a turnaround CFO, followed by 6 months of a growth-focused CMO), ensuring they always have the right expertise at the right time.",Not started,5,Included,Product Manager,Must-Have,Team Management,"Role Rotation Guidelines: Documentation on how startups can effectively rotate CXOs.

API Specs for Engagement Management: Technical details for backend support.",Startup Founders
Crisis Management Task Force,4,35,"Specialized CXO Search Filters: To find and engage crisis management experts quickly.

Engagement and Contracting Tools: For rapid onboarding and engagement of task force members.

Communication Suite: To facilitate immediate discussions and planning sessions.",80,"A specialized feature that allows startups to assemble a rapid-response team of CXOs with crisis management experience to navigate unexpected challenges like market downturns, legal issues, or PR crises. Startups can select from a curated list of CXOs who specialize in handling crises and form a task force that operates temporarily to resolve critical issues.",Not started,5,Future Phase,Product Manager,Must-Have,Crisis Management,"Crisis Engagement Playbook: A guide for startups on how to effectively engage and use crisis management CXOs.

Specialized Search and Filtering Specs: Technical requirements for building crisis-specific CXO searches.
",Startup Founders
AI-Driven Proposal Writing Assistant,4,20,"Natural Language Processing Models: For analyzing and suggesting content.

Backend API: To integrate the assistant with the proposal management system.

UX/UI Design: For a seamless and intuitive proposal drafting interface.",60,"An AI-driven tool that helps CXOs create compelling, customized proposals by suggesting relevant content, frameworks, and examples based on the project's requirements. It analyzes past successful proposals, client feedback, and best practices to help CXOs craft high-impact proposals that increase their chances of winning engagements.",Not started,3,Future Phase,Product Manager,Could-Have,Proposal Management,"AI Model Training Data Documentation: Details on the data used to train NLP models for proposal suggestions.

Proposal Assistant UI/UX Mockups: Design mockups for the drafting interface.",CXOs
Strategic Networking and Peer Matchmaking,3,28,"AI and Matchmaking Algorithms: For suggesting potential connections.

Video Call API: Integration for 1:1 networking sessions.

Notification System: For alerting users about networking opportunities.",60,"A feature that allows both startups and CXOs to network strategically with peers, potential partners, and other key stakeholders within the ecosystem. Using AI-driven matchmaking, the platform can suggest relevant connections based on mutual interests, past engagements, industry sectors, and strategic goals. This feature includes scheduled networking sessions, 1:1 video calls, and group discussions.",Not started,4,Included,Product Manager,Should-have,Community & Learning,"Networking Algorithm Documentation: Details on the matchmaking process and criteria.

UI/UX Mockups: Design wireframes for the networking interface.","CXOs, Startup Founders"
Daily CXO and Founder Challenges,3,19,,50,"A feature that offers daily challenges tailored for both CXOs and startup founders to encourage continuous learning, skill enhancement, and active engagement. Challenges could range from solving a hypothetical business problem, creating a pitch deck, or sharing strategic insights on a specific topic. Users earn points, badges, or rewards for completing challenges, which can be showcased on their profiles.",Not started,3,,,Could-Have,Gamification,,"CXOs, Startup Founders"
Investor and Customer Review System,,,,,"A feature that allows investors and customers to provide reviews, ratings, and feedback on startups directly on their profiles. This system is designed to validate startups through social proof, helping other potential investors and customers make informed decisions. Reviews can be structured around specific criteria, such as product quality, team effectiveness, growth potential, and customer satisfaction.
",Not started,,,,Could-Have,Validation,,"CXOs, Startup Founders"
Startup Leaderboards and Rankings,3,20,"Data Integration: Sync with the Startup Validation Dashboard for real-time data updates.

Gamification Elements: Incorporation of badges and awards for top-ranking startups.

Notification System: To alert startups of their ranking changes and milestones.",50,"A dynamic leaderboard system that ranks startups based on various criteria such as growth rate, customer satisfaction, engagement quality, funding raised, and market traction. This feature provides visibility and recognition for top-performing startups, driving competitive spirit and incentivizing quality. Investors and potential partners can use these rankings to quickly identify high-potential startups to engage with.",Not started,4,Future Phase,Product Manager,Should-have,Gamification,"Leaderboard Algorithm Specs: Documentation for calculating and updating startup rankings.

UI/UX Mockups: Design concepts for the leaderboard display.",Startup Founders
CXO Peer Reviews and Endorsements,3,20,"Review Moderation Tools: To ensure reviews are constructive and relevant.

Notification System: To alert CXOs when they receive new reviews or endorsements.

UI/UX Design: To create a user-friendly interface for managing and displaying reviews.",55,"A system that allows CXOs to receive reviews and endorsements from peers, previous clients, and startups they have worked with. This feature adds a layer of social proof, allowing CXOs to build their credibility and trust within the platform. It includes detailed review criteria such as leadership skills, strategic impact, communication effectiveness, and more. CXOs can also endorse each other, highlighting specific skills or accomplishments.",Not started,4,Included,Product Manager,Must-Have,Validation,"Review System Guidelines: Criteria for acceptable reviews and endorsements.

UI/UX Mockups: Design layouts for the review and endorsement sections.",CXOs
CXO Portfolio and Case Study Showcase,4,33,"Portfolio Management System: Backend support for creating and managing detailed portfolios.

UI/UX Design: Intuitive interface for displaying case studies and project outcomes.

Integration with Startup Validation Dashboard: To show joint successes where CXOs contributed significantly.",65,"A feature that allows CXOs to build a portfolio showcasing their most impactful projects, complete with detailed case studies, strategies employed, results achieved, and client testimonials. This provides a comprehensive view of their expertise and approach to problem-solving. Startups and investors can browse these portfolios to assess the CXO's fit for their specific needs.",Not started,5,Included,Product Manager,Must-Have,User Profiles,"Portfolio Design Guidelines: Best practices for creating effective case studies and portfolios.

UI/UX Mockups: Wireframes for the portfolio section on CXO profiles.",CXOs
