Name,Archive,Assigned,Attachments,Collaborators,Dev Stage,Done,Flagged,Follow Up,Scheduled,Status,Sub-Tasks,Task Type,When
Schedule Meeting,No,No,,,Scheduled,No,No,No,Yes,Next 7 Days,,TODO,"August 28, 2024"
Revise Executive Dashboard,No,No,,,Scheduled,No,No,No,Yes,Next 7 Days,,TODO,"August 28, 2024"
Football Practice,No,No,,,Scheduled,No,No,No,Yes,Next 7 Days,,TODO,"August 27, 2024"
Visit Facility,No,No,,,Scheduled,No,No,No,Yes,Next 7 Days,,TODO,"August 29, 2024"
Conduct 50+ detailed interviews with target users (Series A-C startups and experienced CXOs),No,No,,,Backlog,No,No,No,No,Today,,TODO,
Prepare structured questionnaires,No,No,,,Backlog,No,No,No,No,Today,,TODO,
"Create a comparative matrix of competitors (e.g., Toptal, Catalant, Chief, InterimExecs) focusing on their value propositions, pricing models, customer feedback, and technological capabilities.",No,No,,,Backlog,No,No,No,No,Next 7 Days,,TODO,
"Identify 3-5 gaps in competitors’ offerings, such as lack of AI-driven matching, limited onboarding support, and inadequate performance tracking tools.",No,No,,,Backlog,No,No,No,No,Next 7 Days,,TODO,
,No,No,,,Backlog,No,No,No,No,Inbox,,TODO,
